run_id,run_name,family,kind,seed,base_seed,replicate,tau,n_micro,k_macro,rm_uniform,rm_stationary,step_entropy_uniform,step_entropy_stationary,intrinsic,hyy,cd,resid,aperiodic_eps,block_sizes,fiber_sizes,heterogeneity_alpha,n_macro,p_in,p_out,strength,type_split
20261003_093641_11b30e8e,default,exactly_lumpable,exactly_lumpable,101,101,0,1,6,3,7.746661062179937e-18,9.927106449318693e-17,0.8372044388220077,0.8372044388220077,0.8372044388220077,0.8372044388220077,-7.507245877437207e-17,7.507245877437207e-17,0.001,,"[2,2,2]",,3,,,,
20261003_093641_11b30e8e,default,exactly_lumpable,exactly_lumpable,101,101,0,2,6,3,2.4273842175656276e-17,8.707888367762238e-17,0.9101150563264048,0.9101150563264048,0.9101150563264215,0.9101150563264215,-6.298336438928759e-17,6.298336438928759e-17,0.001,,"[2,2,2]",,3,,,,
20261003_093641_11b30e8e,default,perturbed_lumpable,perturbed_lumpable,102,102,0,1,6,3,4.0386660364912947e-17,1.7055707860504593e-16,0.8639349478439879,0.8639349478439882,0.8639349478439879,0.863934947843988,1.2174425053697516e-16,-1.0721948074459505e-17,0.001,,"[2,2,2]",0.0,3,,,,
20261003_093641_11b30e8e,default,perturbed_lumpable,perturbed_lumpable,102,102,0,2,6,3,1.6773490614797338e-16,2.1234109764572174e-17,0.9887253167863322,0.9887253167863321,0.9887253167863703,0.9887253167863703,1.2345119486277767e-16,-1.2345119486277767e-16,0.001,,"[2,2,2]",0.0,3,,,,
20261003_093641_11b30e8e,default,perturbed_lumpable,perturbed_lumpable,102,102,0,1,6,3,0.10666025797692051,0.10293581500164997,0.962797381291435,0.9611965635879101,0.9529246405521352,0.9611965635879153,0.008271923035780095,-3.469446951953614e-17,0.001,,"[2,2,2]",0.2,3,,,,
20261003_093641_11b30e8e,default,perturbed_lumpable,perturbed_lumpable,102,102,0,2,6,3,0.04418145903583974,0.042546542021242695,1.0572344133710387,1.0571725349906762,1.0559274166197528,1.0571725349906802,0.0012451183709274768,-3.187554387107383e-17,0.001,,"[2,2,2]",0.2,3,,,,
20261003_093641_11b30e8e,default,perturbed_lumpable,perturbed_lumpable,102,102,0,1,6,3,0.275729171224746,0.2696211780808804,1.033610984015393,1.0357184378181896,0.9875599621734198,1.0357184378181916,0.048158475644771874,-4.85722573273506e-17,0.001,,"[2,2,2]",0.5,3,,,,
20261003_093641_11b30e8e,default,perturbed_lumpable,perturbed_lumpable,102,102,0,2,6,3,0.0907033939840753,0.08842902003749348,1.093117098601053,1.0936634070773315,1.0888714363852965,1.0936634070773308,0.004791970692034429,-1.3183898417423734e-16,0.001,,"[2,2,2]",0.5,3,,,,
20261003_093641_11b30e8e,default,metastable,metastable,103,103,0,1,8,3,0.003215171052509995,0.0027446790060611675,0.11053520051971119,0.10881538704930215,0.10871987670903027,0.10881538704973825,9.551034070792082e-05,6.188083899461017e-17,,"[3,3,2]",,,,1.0,0.02,,
20261003_093641_11b30e8e,default,metastable,metastable,103,103,0,2,8,3,0.0032928251642782673,0.0024038471308660716,0.19069580301772313,0.18803346153130807,0.18799984008404524,0.1880334615318379,3.36214477925756e-05,7.215365457891032e-17,,"[3,3,2]",,,,1.0,0.02,,
20261003_093641_11b30e8e,default,metastable,metastable,103,103,0,1,8,3,0.011405125911642267,0.010134724079963207,0.31024955446076097,0.3064090356649125,0.30605816550978593,0.30640903566517086,0.00035087015538488674,4.3530717225293e-17,,"[3,3,2]",,,,1.0,0.08,,
20261003_093641_11b30e8e,default,metastable,metastable,103,103,0,2,8,3,0.010846681747171663,0.008507652952466964,0.49307811675577434,0.4879021140243688,0.4877797551777149,0.48790211402462913,0.000122358846914204,4.6024382222009663e-17,,"[3,3,2]",,,,1.0,0.08,,
20261003_093641_11b30e8e,default,metastable,metastable,103,103,0,1,8,3,0.02295069844880311,0.021364451031948114,0.5555603064492691,0.5510783795233818,0.5503564758284613,0.551078379523499,0.0007219036950377852,-1.1926223897340549e-17,,"[3,3,2]",,,,1.0,0.2,,
20261003_093641_11b30e8e,default,metastable,metastable,103,103,0,2,8,3,0.018875904453656816,0.016048739261800622,0.7914789893256784,0.7866359792725833,0.7864050027288696,0.7866359792726684,0.0002309765437987044,7.323785675139582e-17,,"[3,3,2]",,,,1.0,0.2,,
20261003_093641_11b30e8e,default,hidden_types,hidden_types,104,104,0,1,8,3,0.02318533627772476,0.02159164147277752,0.9308696620168855,0.9287465926700266,0.9283348930603523,0.9287465926700411,0.0004116996096886206,1.6642503347652493e-16,,,"[3,2,3]",,3,,,0.1,0.5
20261003_093641_11b30e8e,default,hidden_types,hidden_types,104,104,0,1,8,3,0.11704236738393009,0.10999474488086433,0.9726835258672432,0.9649529611750334,0.955315615351183,0.9649529611750296,0.009637345823846448,1.1796119636642288e-16,,,"[3,2,3]",,3,,,0.5,0.5
20261003_093641_11b30e8e,default,hidden_types,hidden_types,104,104,0,1,8,3,0.2124931948480132,0.2005985395075492,0.9955109467420832,0.9866916954722715,0.9557344035572521,0.9866916954722704,0.030957291915018316,-3.469446951953614e-17,,,"[3,2,3]",,3,,,0.9,0.5
